Year,country,city,pm25,pm10,no2,so2,co,o3,temperature_c,humidity,wind_kph,aqi
2019,Argentina,Buenos Aires,112.02657685614223,157.44532443451956,28.906707326031423,10.333038231064542,0.6359671926567791,28.801846156832053,15.214130204532227,57.85236523008689,13.681973850840949,107.95535365976018
2019,Australia,Melbourne,86.76710380716787,119.02237038553153,30.944158199423963,7.961766394987709,0.6264042285051503,25.802037286274572,16.837743258460307,67.04359420980904,12.828583531029972,85.22319446640093
2019,Australia,Sydney,106.52889171675275,140.27117936187952,26.122123475539713,8.778113839230869,0.7077709038850971,36.189652842546124,16.512314683039364,61.349912022034665,14.96001702927775,101.6614922888325
2019,Brazil,Rio de Janeiro,78.54815618040233,104.63801815422163,23.933123988137144,9.077957053791925,0.5410702192139164,28.04175459234934,13.301602577693087,60.61029328909918,11.118800892329455,75.8605119300386
2019,Brazil,Sao Paulo,65.68498458106954,91.98415000824997,25.92970858230662,6.011758767731621,0.7530220305109935,29.794902407177542,16.410531053136314,55.725686913133984,13.269271481258052,67.9310119136323
2019,Canada,Montreal,72.65849431628543,99.89358893478658,25.219311482202006,6.536561579671215,0.7146559984969337,28.252967064679805,15.85961874582248,57.80554967170187,12.475987192692585,73.24230550991811
2019,Canada,Toronto,106.75933369754607,150.6651822054214,26.957289172200973,7.2232573099504975,0.6538104805466525,35.540995163982174,13.565998203154626,62.05946511908406,13.912955401223108,103.42247038229853
2019,Canada,Vancouver,91.30127963033898,125.72955143102875,24.586792621214546,7.713702194400706,0.6375511334144562,32.44972921370448,15.030005989904168,64.92616164671917,11.811250284205068,88.76086866067516
2019,Chile,Santiago,86.61398774840568,123.53090641531776,26.236754537491176,7.936891689577084,0.7779516904205696,32.36640840703735,19.11902525404788,60.9426169310827,12.349463736627174,87.07776629006177
2019,China,Beijing,56.52127218999481,77.58523929278071,24.474637183526568,8.59486395520729,0.6709313745598905,31.21671964996688,20.192320092201758,55.057761305680366,12.49597189013337,58.58658863650459
2019,China,Shanghai,37.073865349282215,52.48318006820011,25.50802423086294,9.599950758542422,0.6774423692251536,28.380367724178242,16.56991682002732,60.16048274491601,12.280463813498214,42.06618133854718
2019,China,Shenzhen,117.4984534781736,174.55623978896358,23.29725732917471,8.900262486199697,0.7497167450007743,34.88585639772845,15.54271463060708,60.62884448722456,12.983929272071146,115.23721322762208
2019,Egypt,Cairo,92.74540572178101,131.40017459446605,23.50067009028757,8.639771362414933,0.6635592755650666,26.517702018790658,11.764190869328699,62.94214818282345,12.58869791565659,90.91293811664123
2019,Finland,Helsinki,83.85440347439844,119.56030496234148,27.083610758261656,8.80646483889595,0.8048204813834331,30.75847032038398,14.619040747568967,50.601833585931125,13.835981279647541,84.98126896676786
2019,France,Lyon,26.75727703840219,35.88520475229314,25.946601227779386,8.314397154333635,0.6023197759913641,34.08776804137214,12.52250221837147,60.12005190362115,10.465117625943362,31.849265056191523
2019,France,Paris,64.258930229069,89.12892079317953,28.624910680782524,8.065246544211195,0.6630305242297628,28.25624945138297,12.257292765951616,57.40250475354322,11.848772749595218,65.87393860645318
2019,Germany,Berlin,45.861665087727964,62.09928144026794,25.25923412820049,9.365200991048882,0.6895320244933846,31.116158315033474,15.705812683653553,61.153163226199645,13.057008117319135,49.35809899844426
2019,Germany,Hamburg,73.80604220704915,107.50583637853794,24.307834797720535,8.196986874243661,0.7418152638533452,31.35384828477643,16.565571703926732,60.52455945459917,11.46272262868708,75.63372871824258
2019,Germany,Munich,16.299130145322632,23.33875762122871,22.82082830277818,7.397321664091215,0.5818951622614427,26.177725432979283,18.63786455796892,65.0087551221066,12.418822102000021,22.548264064331565
2019,India,Bangalore,35.97157331256578,52.01734439094752,26.92568803477728,8.056374681360404,0.5995874134439617,29.150970995863133,13.347394247899429,59.57417174991232,11.743735773595878,40.67485580364632
2019,India,Delhi,53.280570750783745,78.90736346155967,25.60773509435768,9.721782580965916,0.7771640264715818,34.22841138918696,14.556579652478392,55.73618058954301,13.305197068939256,58.082228916933765
2019,India,Mumbai,37.37956757255157,51.79368715737291,28.099368131985226,9.80442766376187,0.7432112573879629,30.460859929517667,16.27720959169344,57.32492448935357,11.563915837882057,43.02852736208368
2019,Italy,Milan,43.56546699517091,59.81751947874531,28.597210325084315,9.093124693158842,0.6641063201342821,22.001382379528835,16.125619417225714,64.84847486934486,10.737944643798366,47.603568326702856
2019,Italy,Rome,73.80391309922672,100.69540292335815,29.11494047623405,8.202739549137254,0.6764264965989649,33.37380076963697,15.171500449445942,57.70826602158311,14.024552558398874,74.09718745782072
2019,Italy,Turin,75.21379832000866,107.31885117060868,26.956677005189263,7.494915731747302,0.8055986442484534,24.021513502433578,15.474183744777273,65.04554810517703,14.70408249071322,77.3437033691304
2019,Japan,Osaka,28.41461387055273,38.54858642656706,22.13645133927012,7.294209802313907,0.7218106942275674,34.732094321956616,16.378115907098344,66.64084448049441,14.055945727601143,34.190237683847734
2019,Japan,Tokyo,107.42815595931391,157.19300206781017,26.648782012075774,7.223976205183173,0.6450382970055232,24.841561936279476,13.490091171109048,57.90523479599499,10.006497223731445,105.01075516041318
2019,Kenya,Nairobi,28.717632755640825,43.33512303406827,26.006285296473166,9.456689914916929,0.7202554553492875,36.2344197595553,14.5157024201822,63.54226261919782,14.280166972430457,35.70078734333834
2019,Mexico,Mexico City,123.62881556586247,182.44400336021954,23.249371570461065,8.09504007964095,0.7054501449332692,33.760735315030594,12.957711091966635,64.92558934216036,10.618964844513497,120.04552861794018
2019,Nigeria,Lagos,43.70288471423498,59.79641310924114,27.239826155726274,8.511736332283661,0.647519644569648,22.228285284128486,16.4704640111656,55.10582833724337,12.097374678379424,47.38019251165832
2019,Norway,Oslo,47.038288057014135,67.54563872183247,23.049505404405647,6.807210099320165,0.6487289035817106,30.34474745133478,15.174953495797633,62.12289776824246,10.291789569040853,50.52434015483265
2019,Poland,Warsaw,60.62789771709215,84.6437935824645,25.024582288190373,7.023663015503657,0.7038108319516638,30.563874710294815,14.976521523893714,65.64081963297626,12.300662590612546,62.84606389508386
2019,Russia,Moscow,50.79281941327184,72.22225886013986,24.103034791366298,9.184081239129373,0.6369855692822194,29.592878623714245,15.075007901583904,65.05198758593903,10.812545349075068,53.7003025919499
2019,South Africa,Cape Town,108.92819768584752,160.78638219725934,25.65534541922678,6.426215616631024,0.6771301692578108,32.64941960927472,15.0857470012108,61.15976905934293,13.937521272420446,106.85103128546116
2019,South Africa,Johannesburg,83.84892945829829,114.90641112890252,24.701939683968153,8.84527966817666,0.7682318125214755,26.79122094983583,15.448036616128723,58.63715969872698,11.448990438652418,83.44315199437105
2019,South Korea,Busan,91.95129184178573,132.87753436197693,24.39520680002364,7.985796406475093,0.7781427028888279,29.306404699210656,11.424307870120025,62.37449241380863,13.263806198262543,91.96722968635747
2019,South Korea,Seoul,101.59491365749547,141.6817100487087,25.601162076171374,7.836471906434142,0.6548761875890846,30.728501450414445,13.508355546535027,60.13843878731137,12.629659256262755,98.40216828774702
2019,Spain,Barcelona,85.57117981609393,119.1505729054071,27.626618925367143,7.449410712876511,0.7201622141730583,26.283228865068768,14.506222850106631,54.51219733746851,10.395373783519297,85.13710650500506
2019,Spain,Madrid,46.078485975471914,64.96500513274447,25.580999070150735,6.580648092385501,0.7034273738018096,25.355330495782827,15.07417374532465,58.73053413269824,12.770330037495023,50.2324662568652
2019,Sweden,Stockholm,37.486309281373,49.432141740915256,26.33583803177095,8.518743499486755,0.7570337756609572,28.54078659082832,14.664866536739131,71.9061133892901,11.93397854626493,42.58213547679352
2019,Turkey,Istanbul,31.017241523215223,44.56095577040463,24.647239220900484,9.439083572400474,0.6545465282991367,32.63572061472862,16.383910827995702,58.33592314488188,12.227539722746284,36.53272527309147
2019,UAE,Dubai,56.537982524455806,79.76161551511814,21.631944341954675,7.274148991511819,0.7163876928551315,31.13466068297441,20.81521652995637,55.40776780880125,10.935030104892638,59.20218398044389
2019,UK,Birmingham,35.42809675593216,45.95081833017398,22.41855647192385,7.902891656991106,0.6663520126967731,28.390190457839946,12.773453383346327,64.31852820297767,12.362003887123867,39.35239749375421
2019,UK,London,87.95579187554448,120.00415875000374,25.61930884996532,9.233651057643888,0.6510123323283775,34.4463394997987,15.52389104127529,67.74532556252791,11.307762667644417,85.84636108360773
2019,UK,Manchester,110.23673633644228,145.9265525628554,20.97164397842942,8.444948846354153,0.7292603426937765,29.231920481976374,14.770500199755297,57.93445494466577,10.613552529949121,104.71712013921716
2019,USA,Chicago,47.85260267602283,66.97330764678536,23.766846880243985,7.48128680380263,0.7046547901162264,30.920452702319633,16.42001568287299,58.85275895496051,12.815502519147842,51.52945572415744
2019,USA,Houston,44.85513846696952,61.217544532731104,23.813973554960242,7.861330622377405,0.6893874693704619,34.14088725316247,19.94741679226073,52.71673416194039,10.063965795658307,48.431864035928584
2019,USA,Los Angeles,78.7811744296847,110.77062513108187,25.173141680792273,7.068454581535055,0.707598758923189,30.091374253523025,15.074955540231592,63.95505080523006,11.003569688923411,79.01613144133832
2019,USA,New York,21.191468805949587,28.8186364087935,22.125841659532863,7.324912075705385,0.684765738934983,32.841125281198124,12.960443198124665,56.02623889966255,13.246506325932254,27.53885012063157
2019,USA,Phoenix,95.16967870168679,136.3883951602111,23.038239454822307,7.3682813832304,0.7879766097347195,31.845664507340377,14.062574434292118,60.36473254531969,11.956669794329166,94.56307629588372
2020,Argentina,Buenos Aires,102.26456257385952,142.6469682181796,23.083381297088042,8.347851841901814,0.7316788318688096,30.97156992178219,15.152948697219756,68.10270539325815,10.525282216437148,99.51325763634854
2020,Australia,Melbourne,87.52872332511983,125.82012488617477,21.533595654121253,9.190270413023956,0.7119351082940687,28.908903055084632,15.839542811518447,61.19214182650598,12.608984414355783,86.95396962065966
2020,Australia,Sydney,107.6210781869732,150.9107021866655,25.2215688344105,8.050142329487711,0.668157314780922,26.853365034795388,14.50004782915825,61.154889851605965,10.52401607339171,103.9585173807673
2020,Brazil,Rio de Janeiro,72.2915968303593,99.96186871087052,24.68234299040336,7.3257835255224135,0.6462103429902135,22.712621260562482,16.60108193950617,58.86679177090243,12.098307727738721,72.29766956933214
2020,Brazil,Sao Paulo,60.68824367951124,85.01791751645142,25.465700631999066,7.446890281102891,0.6513344194645535,30.62896701340499,17.293574785765518,60.30828257682355,11.595940723137268,62.47644396884247
2020,Canada,Montreal,77.56803160493466,107.42255209787157,22.204391441122866,7.631960054347512,0.6702180474196834,26.907033889906085,14.309980770208954,59.435094479956255,12.387826034569441,76.94794900084423
2020,Canada,Toronto,105.1529830408315,149.3066859119092,25.531158062794432,6.994550087825989,0.6652223460907126,27.97644317232054,15.856072462932028,61.200365668991644,11.363518880648892,102.15846627406732
2020,Canada,Vancouver,97.80920576580102,132.77270094182924,23.89999115242009,8.74013604533087,0.7376764319779746,29.249112159066367,18.217133479949442,65.08469644264642,11.767046642002748,95.00682708286821
2020,Chile,Santiago,88.09290449480504,125.82185246905802,24.823777555938417,6.8903268354178655,0.6307954709279202,28.4790528149283,14.23278801021828,65.26619893005831,11.12295840053749,86.81044565556768
2020,China,Beijing,57.59418924404837,71.51774442160165,24.427650503677864,7.876581091323558,0.7282664452609349,28.45512270867556,15.843805009638807,56.62946885288191,10.826332828048422,58.58549193372648
2020,China,Shanghai,38.61905267574307,52.7429311892767,28.009418988643475,7.2344313403387375,0.631764316134266,23.45591690566945,16.913177238997807,63.43815846919164,13.381185240406703,42.83860290350819
2020,China,Shenzhen,113.32994170164862,155.30429838207246,23.13797701222578,9.24853800368928,0.6514879562051158,31.456471092550288,11.867689662426102,53.17484838086094,11.71465964978534,107.8875019606774
2020,Egypt,Cairo,90.96112039311929,124.70238316904751,25.888843293601113,8.334284928037116,0.7528579619551232,31.250004027418374,15.950552961731097,62.00540477631432,10.639545135337992,89.63461281859242
2020,Finland,Helsinki,84.98640330948113,115.5561632597534,28.900688173265777,8.933573770781356,0.6384149736260077,31.90307201232012,16.760204045788637,58.736998663214884,10.336390768993938,83.37729319122602
2020,France,Lyon,26.512909889516873,35.29876520766485,23.04584278669842,7.1468540138643535,0.6270266263190911,29.672907776887072,14.792763925008705,60.77178258928899,10.45482905024344,31.542349517103844
2020,France,Paris,67.08261883145484,94.7818821964396,24.72972813347306,7.997860040502807,0.7835487825102204,26.562491721150796,14.75005192345729,60.335200208720984,10.86878066333589,69.51440837661033
2020,Germany,Berlin,43.07063339913818,59.77332440583853,23.49594603844207,8.499138884875949,0.6508008750636822,27.148400021199887,13.568898370766158,51.43018205790293,11.82323835166435,46.65464827513164
2020,Germany,Hamburg,71.62286257766884,101.665330006901,22.54748853367929,8.700830040721184,0.7043556361492338,33.16340816394208,13.311810813729373,61.86773007606598,10.837029016832242,72.60508876284177
2020,Germany,Munich,30.596908611475442,41.95851538961065,28.596640446441395,8.430355914120826,0.6579685542906489,32.61238642294955,14.504213884461956,60.59628962144942,13.306565914017215,36.189197832358026
2020,India,Bangalore,29.546802215599083,42.19003286233738,29.186231643050082,8.825663015617868,0.7716757292953527,27.897233647106024,13.966273932463231,62.347030890318216,13.550319456760391,36.80146835908546
2020,India,Delhi,61.636912814350204,91.13686646152262,27.45999195630583,6.95013101666038,0.779637363765158,30.420761538086513,12.895037954558772,56.475033993718746,11.733922825667925,65.7518938141968
2020,India,Mumbai,36.55921406140674,52.325024239291906,23.918859881084078,8.603184561585339,0.5908407470714475,27.83657926769008,13.794465942950872,67.26110786234604,13.130003365090625,40.70082674352531
2020,Italy,Milan,45.3902836510452,59.15810088921335,28.854426450351635,8.786112943013832,0.6094732412219593,25.342412406437365,15.558818346692137,65.47778251058305,10.927566476304547,48.045965425724546
2020,Italy,Rome,73.93665457761325,103.72953405288081,27.61101766934256,8.212372989032124,0.8403372723780222,24.013614535284365,13.478327521414698,64.45148149651901,13.693397841070663,76.27237404785859
2020,Italy,Turin,77.7148556217559,113.93455030694662,25.016186327340765,7.98615125264291,0.631804003877134,26.92054957210213,15.106568886491646,58.690299280027034,12.998787842283852,78.23548210594828
2020,Japan,Osaka,26.979126593799595,37.680244460169014,24.760820819024485,7.313281262249094,0.7930073466853528,30.61978290336894,16.39923616647239,63.09108876309791,12.006560730924862,34.129680397069535
2020,Japan,Tokyo,101.6241612287439,152.14513799773485,25.08143258650448,8.41921172866179,0.7154562970505406,30.55225532486797,12.725608755348977,69.88514120524637,12.573186105707121,101.06623056594917
2020,Kenya,Nairobi,32.4796027154041,42.83943742189218,27.15598574399951,8.396350202449339,0.6635292226111865,33.74024557647443,10.5230288443066,62.63500525705882,12.261885179238519,37.406539914132715
2020,Mexico,Mexico City,117.47863982574681,175.44381110484935,27.300818223203606,8.293325752039303,0.7300696472385271,35.478475365913816,15.941605275316505,61.21657313829448,12.560971465725585,115.60672441112358
2020,Nigeria,Lagos,40.57925472529173,58.555259703919916,25.568172950289863,8.088422533820905,0.7178482844699222,28.22070184613968,16.23554545317748,58.898545690248305,12.018138193154309,45.79390491568723
2020,Norway,Oslo,54.241445712122264,69.34039355721198,24.738261984444947,7.552368257831052,0.7183777884821181,28.210907321832085,16.107206419816144,65.91497948500636,11.1346054592386,56.07055022198143
2020,Poland,Warsaw,53.880283446107846,77.41469491692162,26.979991504183342,7.367560064334249,0.676325543088042,30.583354652270415,17.68316587962144,63.03536832256375,13.574607612898106,57.27236363234778
2020,Russia,Moscow,44.43752086071632,61.65552320479162,23.67089664700676,9.244722599642008,0.8214939355876457,31.917854588697583,16.238483215939006,54.46546646153437,11.161063452525708,49.57564617796525
2020,South Africa,Cape Town,104.03530410197202,139.7776569878056,27.560918253808182,6.980314563744057,0.6245501262071885,29.616376356572804,14.86408322422624,58.800222508696294,11.393184039210448,99.37830694619703
2020,South Africa,Johannesburg,77.37746114668148,109.76229640091208,26.583033172305843,6.744853468369428,0.7101725240328012,30.61091381509266,15.36085236381497,56.942465208364176,14.016454563984553,78.1389645257499
2020,South Korea,Busan,90.34097215640065,130.04966995171202,27.414544269312245,9.541756148375047,0.7900272140811185,35.97302886608685,16.523524171024842,67.90762237254754,9.767894626249547,90.85624385192521
2020,South Korea,Seoul,107.40496247842289,143.22602096457268,26.096479754342614,8.984301744143393,0.6944138246837119,28.6197986718261,11.294968984583656,65.00612310564627,11.403953728249625,102.64196790223964
2020,Spain,Barcelona,81.65774181166219,115.08395992682017,27.26816179172231,6.746761717281484,0.7245009337534807,32.49842381026595,13.169270101936782,58.930566369384756,11.544528523450552,81.98326258906839
2020,Spain,Madrid,41.42306250968299,55.45091853959923,29.273968315751713,9.841331495677332,0.6319158755116129,32.712348089079335,15.421720681158154,61.21393419056826,14.338297692379376,45.190576800420935
2020,Sweden,Stockholm,35.11406443476028,49.23394737331402,27.140380521832622,8.015726347779792,0.6311824161754227,33.64932348759837,13.807308053510347,73.18312741845237,13.130960592121385,39.94109034945646
2020,Turkey,Istanbul,43.48331645423182,62.168752992435834,24.635112021467254,8.001591081934547,0.6546850408837912,32.48648149838043,18.33357576505768,57.243380618366196,12.057773563272896,47.5341020820109
2020,UAE,Dubai,47.42206860086211,62.800484002448606,22.498538686865388,7.762044600313673,0.6802793143987621,29.980479416563927,13.622265292276646,62.10837347756196,12.750533590297872,50.06598497368115
2020,UK,Birmingham,34.039639284973795,48.10667443784013,27.611488744465813,8.83911104610679,0.5857122041728321,35.22458365851567,14.544271736780608,62.94943160894429,11.577071203547632,38.66338937472721
2020,UK,London,87.23297541021991,120.52386785230736,25.99140328476426,6.538991778373536,0.7113120668588805,32.28961635988117,16.734979921665623,64.24429618420577,11.039139623012886,86.15681981365863
2020,UK,Manchester,112.21791628787605,148.3914638230912,27.173893484858656,8.257836480408944,0.6663283518882588,28.14756775054019,15.77010280266292,71.05095755502907,12.677783786298136,106.38971540471232
2020,USA,Chicago,49.28936349732722,70.46484568092536,24.325722674546025,8.529744996027004,0.6847583428199303,29.24177823818035,17.88477291103896,64.17203959490983,13.12264027232821,52.94674293023531
2020,USA,Houston,46.85723687580753,64.22850431334585,25.19904324886377,7.763130679499835,0.678888825686163,32.87293964139962,12.699389340020154,65.73345862740207,10.370941902447862,50.26883556990169
2020,USA,Los Angeles,85.45116712925984,123.2623101842665,22.162030071085425,7.967898717967526,0.7006756254126776,29.957288909127175,14.239546040424742,69.77571428508158,15.896047613667376,85.14612157564453
2020,USA,New York,30.28111452755918,42.99810612565938,26.322515480239264,7.0841833298399814,0.7272283331677251,33.1968632906998,18.105042565925746,56.75092112382046,9.466275496369265,36.672824821368565
2020,USA,Phoenix,101.73982371966406,144.9106948039721,27.070792107696303,7.64598101786875,0.7916529186508318,30.972213999837606,19.08733751778594,65.36214812463608,11.24477490755541,100.6496415898708
2021,Argentina,Buenos Aires,111.86451565307301,154.99554884252004,19.51751726085564,6.905368099767622,0.6839473076825114,28.54456455186872,13.488748960393323,56.78990667574484,11.421986779578864,106.9090439632585
2021,Australia,Melbourne,84.83947805703819,125.24216111728931,23.953799032069597,7.3164646136486455,0.7712306480780285,32.322554425556774,11.949985375761706,46.80465063752243,12.349206089665815,86.05980544166802
2021,Australia,Sydney,111.16637799712407,153.72483324011895,24.106477340906384,8.062880326489745,0.7309818956724183,32.58052190161602,17.124103771830445,61.215449829633236,12.588328302130904,107.16526013711304
2021,Brazil,Rio de Janeiro,75.8965285974135,108.54318857761035,23.52940397117588,8.64221156908146,0.6335170507335826,30.53863127794258,15.939873676923787,56.14031512443603,10.763027577015313,75.9346657784236
2021,Brazil,Sao Paulo,63.17019541222387,85.28042709156713,22.6658654558352,7.4745369855059,0.6653445483038553,27.793403110236735,11.385338279708643,60.41837274275165,12.168532818293441,63.87823469426982
2021,Canada,Montreal,76.5461859989395,109.12604544568228,23.62226143494657,7.865081676264219,0.6855719205642424,27.432158907061893,16.450303282268834,53.058026163429304,11.718624413368978,76.97086603763724
2021,Canada,Toronto,102.79732610454624,144.37135133132787,28.980731075209253,8.178083071019223,0.7814333037804291,29.67517728972932,18.870958679859005,56.68707230313375,12.929567407091753,101.26507207431854
2021,Canada,Vancouver,96.53164202758332,133.5573943782186,28.405134614337328,6.89584346140508,0.6887947911135432,28.51109790355154,15.334336581452924,67.07506578088424,11.08354535064755,94.35892546476288
2021,Chile,Santiago,87.43583004004192,121.10830349980489,23.96575858876628,6.606640389020453,0.691457358851463,28.719178986087996,17.266355102593554,64.24004174382615,10.688334402354984,85.99430817137738
2021,China,Beijing,52.28148012346457,72.43065506720846,24.680885529424526,7.8044810145923025,0.6546182721614434,29.284473632726968,18.30911100523627,61.403959711972085,11.792618414253953,54.869290362077315
2021,China,Shanghai,46.1238387318487,66.98994893717709,23.809725292790787,8.16754940154444,0.6570558461179186,28.88736914597547,11.876622537996289,71.6499444295381,11.607264962393183,50.0238240170029
2021,China,Shenzhen,114.87368566918548,175.51087641909032,25.673807044987296,9.166996666939975,0.7309792261761104,29.274469786597596,17.07765333004873,55.6989014559432,12.554972713609063,113.90355965158919
2021,Egypt,Cairo,95.52793408417551,140.0270171128744,27.42240285474134,6.990424832286622,0.7107144109133849,30.91513865829518,13.69622679365653,59.68832498254637,12.01796866370402,95.17154826768818
2021,Finland,Helsinki,86.19418012137595,121.16524787122306,23.490171855177707,8.158267007716463,0.658931426320395,30.90473033419461,18.29566162144106,59.58970111464083,14.437490026401095,84.8878890957919
2021,France,Lyon,34.09532054387037,46.78377498861107,25.288614251356233,8.10792938940043,0.5420794904268526,34.0546276162955,12.680778231707329,65.82438884179228,13.313650239387998,37.763603653448584
2021,France,Paris,60.74133366302453,89.81776906973197,25.381641128481984,8.116695278426837,0.715240213270508,25.87389548083394,11.98307628791275,60.895205103515025,11.95906850278665,64.09892025731439
2021,Germany,Berlin,43.46054862679221,62.69682821433034,27.60223684425424,7.031710807531483,0.6844779060964538,30.035556832845504,13.160775486458718,56.00569717340806,11.694528352490735,48.22069756433135
2021,Germany,Hamburg,71.45719425030406,104.79164357627165,23.857889255059373,8.945602105292801,0.6682693964697558,29.51604041309534,12.857329843708976,54.97961669310402,12.898413260741295,72.90112815564025
2021,Germany,Munich,32.09006098934666,46.04539917112577,24.17684235751575,8.564314598861808,0.7556426619386772,31.780410190793376,12.946209628524963,65.09202353326752,12.083856527571777,38.4372272829715
2021,India,Bangalore,43.76127352675124,63.661135607599675,29.826081481413187,8.66484403685157,0.7468739468770637,30.27354238721865,16.738527184953348,67.03341367850378,11.368244120625022,49.44033885448263
2021,India,Delhi,59.99760620548964,82.49040116924607,25.469259756203986,6.973291674334491,0.6415062065144239,28.89706103233077,17.575405548897194,61.824304808362655,13.512053353735235,61.45863199790764
2021,India,Mumbai,35.192970582625875,50.82323716035584,22.729585619659872,7.270349218151175,0.7281365074398733,32.969692589001475,14.74888442453841,61.19149203108797,12.57679880196593,40.83475341801142
2021,Italy,Milan,45.74664491935507,60.63352616710083,22.658819366990244,7.583810044998228,0.7082351358829161,32.5011147699958,17.365246653089887,59.377814415969766,11.917018320689818,48.92292548056139
2021,Italy,Rome,78.33407286300205,105.97276471547734,25.329398513517784,7.856317147113171,0.6556702692878332,27.207573474823956,13.74633876744827,59.71038997531849,11.282578476372732,77.28463920512681
2021,Italy,Turin,83.14987891008745,116.85084911322342,22.42802240978809,9.092131636527684,0.7138625004179985,26.4961337228788,14.011694463899524,63.677787992775826,11.069952528791774,82.64152441385595
2021,Japan,Osaka,25.00606782842351,32.50291433655965,23.007012954103402,8.794517401283583,0.7019130343216915,32.87241074114793,16.752862880348804,67.21811968911305,13.265442953107547,30.824055202993293
2021,Japan,Tokyo,105.7570102548096,155.6601846781721,21.121434478332862,7.17377896829777,0.7843225885931723,29.552564331649858,15.95334668092302,63.26033045459476,11.227564336902226,104.54161242228518
2021,Kenya,Nairobi,31.06416020476378,44.382806738392425,24.63969759560523,9.393102218150291,0.729374834616409,28.324362542365677,13.55682404421691,54.71099575568814,12.143084150254895,37.27277557626137
2021,Mexico,Mexico City,118.69563846854801,156.39294787679717,24.867654802393673,8.456179943192733,0.7811910952989903,31.746774579025175,12.530922821053645,59.39900389321772,11.762449043897128,112.79464908971751
2021,Nigeria,Lagos,52.65835524716139,75.93345992510443,24.274817377465524,7.022715329615122,0.6770439173745199,32.79301978511585,17.334195930929642,60.04224273970269,12.20271927642362,55.97962604480947
2021,Norway,Oslo,44.41190330818555,59.585384986891846,24.0646321408165,7.374081535969097,0.6628089609132692,30.799140929023675,13.92876352200991,60.46989888073696,12.09824634628112,47.59877180550404
2021,Poland,Warsaw,58.02038153980241,77.13678343835845,24.672179605830703,6.840895770826102,0.7712776248714294,35.4285258429581,13.537246050800832,59.940233297547344,13.2454676720697,60.419579820850494
2021,Russia,Moscow,48.61286494319172,71.78354460486055,24.56921953908213,7.862733469087629,0.7309077416926435,27.63207962310311,11.484093921182946,59.63067615232135,11.026497909475369,53.290427257721795
2021,South Africa,Cape Town,107.50489181774866,148.69812338008504,21.596090775895224,7.888821175058311,0.7229836957226382,29.627480623606857,15.763748311562468,61.330185619036286,13.12362824798749,103.6320058014821
2021,South Africa,Johannesburg,77.94109573010337,111.41662996492498,21.968075535017828,7.508550202886473,0.7171221215945426,28.276572341174074,16.48452668218164,55.024140921330854,12.674630613625794,78.41601220049422
2021,South Korea,Busan,92.78372907832293,123.78892748922185,26.339272488248906,7.746874494929624,0.7517057703844975,31.816326683516078,16.801562925322127,61.98682367734069,12.459495400827345,90.57900789750799
2021,South Korea,Seoul,98.47485936597668,135.03492147502644,26.28802138098538,8.108722542586078,0.6483492283709248,34.70071676322842,12.191509021474777,65.15208208425679,11.647687506891588,95.2041943363991
2021,Spain,Barcelona,84.86526158295247,126.12560346425435,24.12871643765804,9.12242432583593,0.7540009226700182,34.72410513646933,15.333934898876445,59.80953183764918,11.780567310860482,86.09715851308835
2021,Spain,Madrid,33.41131376986544,46.17276607088625,23.38929815022099,8.087927400748937,0.6662169105936436,35.26745222222032,12.313361812976828,65.84881410126087,12.806199472803216,38.28244039705505
2021,Sweden,Stockholm,33.69017191747863,48.22882511612625,23.284375040632295,8.338511575016916,0.7276602703603756,28.074778035123845,19.000286516937283,60.685198963048244,11.619747320567384,39.464908381379416
2021,Turkey,Istanbul,32.44128284961655,45.81851825898206,24.298584949367353,8.114952662618814,0.715349086267724,30.624986049146543,11.51651196802714,57.317187705699524,13.213015598581988,38.21182271918032
2021,UAE,Dubai,52.742971571783244,75.27807027492337,28.019277861647762,9.701769455004586,0.5747736735497065,27.62160308832132,12.149052154118062,63.08161009829149,12.931579698945804,55.25106151971645
2021,UK,Birmingham,32.27540023079889,43.193515686284684,23.892402869274978,8.323289237131798,0.6741321524560212,32.42459422720492,14.715120383548625,61.37672948407381,10.160888822810453,37.13450508722398
2021,UK,London,90.48194263146492,121.93634065117874,24.349132457221156,9.334771050880029,0.6932221245250566,30.581235865558465,15.2492612994758,63.69905219461999,12.48518741850811,88.04356820008736
2021,UK,Manchester,106.58865597339842,145.1164017462386,25.12133219810441,8.66429398768143,0.6756379100088896,26.277135539650534,15.860200799663218,63.78585634089625,11.50156470863511,102.2449862531861
2021,USA,Chicago,52.4997972172545,72.67399421477042,27.09273600609781,7.592582366583595,0.6549066265721181,26.996497131390495,10.16604343649407,61.14831324797109,12.866984351936637,55.29301703963775
2021,USA,Houston,47.70223244023709,64.71154026267202,23.09120059394743,8.823767146909104,0.6370867197824223,27.669077388923146,15.524413550857432,61.175043946386246,11.54817641032382,50.24363477389562
2021,USA,Los Angeles,90.28872711294731,120.85007870480312,24.124169640539545,9.057413508700366,0.7108767508238736,26.303044452380686,16.633509536662586,59.08511652341925,12.103500367851474,87.8644364810217
2021,USA,New York,25.304583996933175,35.80211521667167,25.59078203808794,7.392384130273444,0.765355003135149,32.55651424567335,16.641299867402278,65.05670047092826,12.365542917098331,32.555801676654525
2021,USA,Phoenix,95.24102712232468,126.52932590661509,26.24693998422164,7.7307317326458325,0.714556218369888,25.36375296308759,12.73567703137224,61.725581309685396,12.22128811517099,92.22073763683886
2022,Argentina,Buenos Aires,103.77788361496555,136.80679928995406,23.842505848950783,9.141378807416743,0.7613710057674049,23.368283921773088,16.397182474018418,59.88248107184463,11.394942673598585,99.62605066953927
2022,Australia,Melbourne,79.1271111121118,106.08737658387798,23.057793196583404,7.082348187541457,0.6725686301981252,35.006881880041945,14.338637138669048,56.97093077353163,12.327722910480077,77.72520760568226
2022,Australia,Sydney,104.56052245638533,135.7171454813226,24.732904623649972,10.250190602887505,0.593775823214942,37.0092163098054,14.152289774464228,62.83974968653009,11.028102945975178,98.29079126461015
2022,Brazil,Rio de Janeiro,79.53117579082313,115.30358768351336,28.093270804574576,8.450763077272113,0.8130156186012222,31.324702938347,18.763995475119113,53.59639150262915,13.769700588975168,81.71890627766622
2022,Brazil,Sao Paulo,56.432983740360406,82.88605742885731,26.8483274081923,7.610822596246584,0.7458074028903172,29.65053471023363,17.946082135347016,69.43016776218563,12.48346262483585,60.57990849971011
2022,Canada,Montreal,83.95345215600544,117.31304122420742,23.584486263478908,7.13559402538587,0.781641833520044,29.2734245832243,15.800720345676014,61.61494580505621,11.288600770055956,84.00954649999308
2022,Canada,Toronto,100.58406209670886,138.2488601167826,22.529059039992656,9.78695865304036,0.6635190375190452,23.86633992302058,14.921436454976508,63.154881805764795,12.71219776054687,96.88830556057157
2022,Canada,Vancouver,90.26122119263952,133.00042839677405,26.92834271102978,7.519947947712915,0.7517091360100995,31.101789905588593,12.431751716303046,61.14845391023359,12.107466942820773,90.96674402614248
2022,Chile,Santiago,86.91964571796272,117.12167773849838,24.345614330723894,8.608716930160812,0.7928967935152101,28.360638629554487,16.01085887246533,48.57648824573841,12.249987216275883,85.93965234670179
2022,China,Beijing,59.88962510798354,89.67287950425704,27.00539799246552,7.410342573132483,0.7427278015947572,29.961345078602196,13.449580414164524,64.68108337411083,11.539308619581606,63.99616878083565
2022,China,Shanghai,38.54390388122659,53.56296531034852,26.126875937827677,9.117649288648073,0.7428675840004234,30.735724849927408,14.984856220935955,57.23430412971845,10.178877006197489,43.880298824592664
2022,China,Shenzhen,117.41307156248286,162.5633852152315,22.670315631971715,7.238648475072289,0.5877462150880942,29.629021740122425,15.201249008158584,56.45582793960417,14.056555032685518,111.10501369461413
2022,Egypt,Cairo,92.55857607744913,126.13049876588285,26.36443964767359,8.46739127828766,0.6374592739611332,32.69921245072488,14.026878376395587,56.8634197820302,14.008760716758971,89.77228210402474
2022,Finland,Helsinki,83.84141510167113,120.39642667465058,24.064978840752925,8.052341668670962,0.7229775043138832,29.668162328549727,13.675442503674184,57.41068523840797,12.999347486205947,84.02040732314693
2022,France,Lyon,29.749585370638282,38.307835173920324,26.7170284447933,8.806489836020594,0.6701703688517835,31.72534552137741,14.904997848623339,58.3960374205999,11.997987185192601,34.8847247901642
2022,France,Paris,60.73298905896639,86.29188140592392,25.14008383418465,6.9710648254695515,0.6081256734562254,27.75442120684256,11.942590906705616,62.40088103438524,11.731420790753248,62.29343483454534
2022,Germany,Berlin,50.69497601605565,71.18720328765299,26.595559645866597,7.695860673170688,0.7257288970376492,29.96650474380857,14.206492475279461,56.11458728522795,10.019164975753819,54.57127120212714
2022,Germany,Hamburg,78.43567532105,111.18922560662067,25.275594375366808,9.868348098297723,0.7746140102414073,27.15065143505179,12.220332852128164,57.937797720570195,11.766232060009097,79.57294985390489
2022,Germany,Munich,26.812210541190023,37.26750961775979,25.062444211756457,7.361333518760987,0.7688536655800374,34.23741777013655,16.262893848153055,53.50412479111009,13.469592670458331,33.735609325241995
2022,India,Bangalore,29.54840450977486,42.0706337165094,27.830876777300222,7.840110556642959,0.7285613502517069,29.065680640978318,12.913606882794513,59.531625388147944,11.06450040028521,36.21187062941389
2022,India,Delhi,59.66035710069567,85.61667245091859,25.823013123469817,7.581421929505523,0.7279877342689264,27.01525402112527,15.696224217651102,60.747277151902516,11.751721154104578,62.78172740563736
2022,India,Mumbai,33.08314850716229,47.11413494446074,23.85510237716234,6.53076816995673,0.7070145839679736,30.25231821456896,13.97230009128401,68.50519581444975,14.693859165213013,38.728372170585494
2022,Italy,Milan,44.95150218731811,60.78414464158825,23.269340067263855,7.894625974537857,0.6666162758237103,26.7200836810306,16.95531546580961,61.04200822244061,13.337166457313108,48.120827005672
2022,Italy,Rome,79.18567503316483,107.84120625890755,21.130490093692707,7.857986998369465,0.7419288502574132,34.90380933860937,16.513052373338983,51.99360358382534,11.716851814319648,78.61198378362381
2022,Italy,Turin,80.04070846750683,109.7442750389315,26.463657975120423,8.253794305120984,0.6877810577068652,29.118360562502986,11.41689494652024,54.38483288008197,12.277174949746675,79.49745646287109
2022,Japan,Osaka,26.000649802822156,35.188505890981226,29.173338977514472,7.5387656351084,0.662856218609161,30.71401330932942,14.021852878222345,50.33092737870146,12.570655580058867,32.183987143732594
2022,Japan,Tokyo,100.54604155452573,135.56363606996868,20.66719996031035,7.873818829939357,0.7572970665183297,36.11257210578077,14.7979528701133,62.006527797231314,12.712900173215045,97.0800428079235
2022,Kenya,Nairobi,28.376342554678775,40.74786494946747,23.57214474868448,7.470415172025203,0.7613380985251635,28.37591329504294,17.78810806238914,60.006463263905175,12.893627045976798,35.14597398282084
2022,Mexico,Mexico City,121.602468233566,163.655876995914,23.908525831559178,7.300080152200388,0.7465311817660015,28.18030313297828,14.953290617543994,58.44480293904246,11.65852046595978,115.54882074013834
2022,Nigeria,Lagos,56.51704496751787,75.40894157795917,24.537300332870718,8.712459630986356,0.7162612757957149,26.818885688181496,17.131872871760986,58.18322049955564,12.446991816201743,58.60835808734677
2022,Norway,Oslo,58.6099787848217,83.63147362925687,26.124914487014596,7.0433603947505015,0.7729222684646494,24.706123017542623,16.738466323703644,55.29120707551419,13.181224920940272,62.23399613009235
2022,Poland,Warsaw,55.773949188008835,75.05830122080731,22.485002424121934,6.974524733458389,0.6874573069644061,29.306788681884154,15.883461196656592,65.62751600858554,13.576041888341797,57.599103069023016
2022,Russia,Moscow,45.902714567098705,68.57849419722567,25.707974841638094,7.587070143144552,0.6757104399020006,26.25028557128367,11.230178627993391,55.93868251951187,10.782006140949347,50.58522946288817
2022,South Africa,Cape Town,107.65201723112386,142.41750268824018,25.09695629834692,7.829990129835192,0.6560705656864749,29.200008883300274,17.66173974286266,71.1617075546949,11.039104911587506,102.14511216302179
2022,South Africa,Johannesburg,84.40058417880986,119.16570363476991,23.415841643257384,8.272105833780316,0.73378721506962,26.52130738455865,13.298749967680342,50.60853295725392,12.60155516457172,84.15294754926184
2022,South Korea,Busan,97.85545704588077,135.71255121522802,26.41041802038745,9.161254782082793,0.7648303161894244,28.829742400949517,15.455241725231096,66.25265843810845,11.723315304946313,96.14512943450706
2022,South Korea,Seoul,99.42067955918897,132.50296747572293,25.70411528378816,8.25241075683131,0.7398224477176498,30.845269315099397,17.64350772510938,55.68369927945016,11.658969167247212,96.12163723621329
2022,Spain,Barcelona,81.42884018242499,117.94839520520144,25.252874133318556,8.572718126393264,0.6757997580973522,29.44800247984348,14.56500746054487,53.59071923009728,11.657908155474951,81.73026814480066
2022,Spain,Madrid,41.406719883155205,58.846622483381076,25.00059640080022,8.06440024884813,0.7124617812051168,36.09013977182924,16.680067251564047,60.5337554792579,12.537460771138697,46.23803387870053
2022,Sweden,Stockholm,35.41144776412633,53.388055713455806,22.148138549775137,8.592176660036854,0.6754575674031517,22.142378496602575,15.79509401629912,52.03048646130643,13.29618586330146,40.89386933017599
2022,Turkey,Istanbul,33.04231108716659,45.69959605638127,20.323286929365743,7.0389377868147855,0.6692676535803082,31.121891492368025,16.629852878250187,60.001285669279525,10.66314001477551,37.69031109231586
2022,UAE,Dubai,54.12764281968708,75.8938036612336,23.748989416502265,8.308957783808868,0.6717901763990639,27.302032351061452,16.1844602940709,59.12521756555058,11.658789452793142,56.74814712969984
2022,UK,Birmingham,36.64386247820545,46.88581529161988,23.429218544291118,8.112706312099249,0.7394270578728118,28.852854977288676,12.638415202308247,54.52157452993992,11.62214245172184,41.100672978404475
2022,UK,London,87.87193338488412,114.08868306265448,26.665131357998394,8.77490757248641,0.8472667753116992,27.913350728185822,11.681875867150929,59.005346427951764,11.281474465048278,86.6800775323782
2022,UK,Manchester,105.73593905022635,142.65398477948955,28.590504344404465,7.69082607352372,0.6083773529117164,29.24972546842193,17.818313647415184,55.894595370172226,12.49919859783252,100.91518434959134
2022,USA,Chicago,54.97207514176009,76.79045447235654,27.55729566814445,8.174837476268687,0.7058934048653526,31.397476647858337,15.274202718373067,58.474330410975085,10.165984950468228,58.15599959499533
2022,USA,Houston,50.28524429398201,68.41890795556604,28.30995275874844,8.123599585059134,0.6171527066274664,26.1851922450859,16.017363395834003,60.45617055221353,13.999322713697422,52.857450509651926
2022,USA,Los Angeles,86.85406972072843,115.90299433200255,26.317699144891886,7.444484808745884,0.788131676579149,32.04876273008089,18.2991001908522,62.79011093362174,13.709983619714876,85.80612737911825
2022,USA,New York,25.728378626835852,35.48793974471866,23.074763425870895,9.197902262183167,0.815393898063053,26.989837449198873,19.330545442450497,56.202334802663245,14.163118752698908,32.996030448262864
2022,USA,Phoenix,90.41206944519409,130.497115661957,23.669489826407617,8.31624457778475,0.7527813887424913,26.33127806754435,16.95732790239064,57.4777587748469,11.158782357469407,90.24142766957353
2023,Argentina,Buenos Aires,105.9639217360071,154.6037400106001,23.62975915607448,8.861052523987633,0.8506770189606536,28.67174575834403,13.649962491541496,48.02248152516808,12.727701075741633,105.36884714893829
2023,Australia,Melbourne,78.00468679373505,109.48759735179276,27.825702693609774,9.021935585727613,0.7040360909828306,28.531325224315538,17.260737191185324,60.41936267876903,14.505091457256833,78.52326272578885
2023,Australia,Sydney,106.74477757078701,148.2726443485124,26.753416372920753,8.089556906835542,0.7466101274198027,32.99325473183625,16.22689301407561,69.42398148968755,10.794891898713454,103.8428383236648
2023,Brazil,Rio de Janeiro,79.25579070471738,109.62900032001237,24.4338227195294,8.225566905884419,0.7180035298284407,23.03878418780259,10.567428270966316,64.14970251917431,12.254043978011294,79.10269205707026
2023,Brazil,Sao Paulo,58.17357697569556,81.1726963759728,27.187635360685103,6.945922110513112,0.628367402370143,25.333461814050377,14.443239437664957,64.29293083741976,9.643259884362278,60.141123020381826
2023,Canada,Montreal,66.35484484098798,97.5782003055913,25.404346232533033,6.724493257080159,0.5879948513463061,29.319159775243943,13.746943159447312,59.890913401548794,12.488599200891402,67.74893010242741
2023,Canada,Toronto,104.49246421648512,149.88664528509887,20.503895672182203,8.97507779286551,0.7402148964066234,25.845742586051742,14.525135974342062,57.16969824949087,12.456402674036283,102.1253461181953
2023,Canada,Vancouver,93.54043165871282,128.45270310595123,24.234705350142054,7.643556564093114,0.7229380778400962,31.175341021402602,14.694417076753593,64.28260646953807,12.355319911942148,91.4676509298331
2023,Chile,Santiago,79.46495650035301,110.8951059862569,22.637073429236267,8.426230637962574,0.6579576491741932,30.54700128428631,12.650825193967334,59.701252988253685,13.581655950451221,78.70127893212874
2023,China,Beijing,54.51375611538512,75.24410371032876,26.688593935501356,8.34356874003759,0.6739490229779515,28.416678711761012,15.964691595850224,65.13487570026136,12.948569484073657,57.165424034626476
2023,China,Shanghai,35.65760131969021,51.744639341382225,29.071692549740888,8.332585740390238,0.6294185032854093,31.15409127280908,16.542047182050933,59.30905454266233,11.330237994323944,40.94484294791875
2023,China,Shenzhen,117.0008925563878,160.89478299271255,28.831269853049662,8.722966420948525,0.6946340586236701,34.010461381352904,12.65685524366566,57.611860164167155,11.234323244471591,112.20895970391685
2023,Egypt,Cairo,91.88569076323535,123.27283315248246,25.154513963281275,7.189011147180548,0.7712303609280468,29.487362199666546,16.026915133602127,55.80126915750355,11.969044282146081,90.0137360940463
2023,Finland,Helsinki,85.98616685313642,114.89020054427398,24.2016357097886,8.319246560328477,0.6863386230711744,29.152944654313675,16.30383509131797,59.65974059932203,12.213814151690443,83.85329002242726
2023,France,Lyon,25.835887105944792,34.88062684696722,24.52244449465621,8.229338390555204,0.682159834874136,28.299647947826042,11.857319616615657,62.67842915292331,10.918602578961709,31.7515004311673
2023,France,Paris,71.44587009236233,99.12399527862082,22.270837734558953,8.882611418978504,0.7406538157295702,32.20039133796971,15.397018394775827,55.68987969152217,11.762953510681049,72.32594304189317
2023,Germany,Berlin,45.65065666645099,67.19208230135307,25.535558895066757,7.507571485578937,0.609394375120686,25.510221783181976,17.24838677152182,71.70659191034245,10.825782450286836,49.476310100854754
2023,Germany,Hamburg,74.99612785153774,110.43728686446002,29.837522755634364,8.328920329701605,0.6548828289360333,31.191050292250512,11.98702606697527,56.86441168761783,13.026589190349943,76.61771464873841
2023,Germany,Munich,28.2662553946554,37.49819890016544,24.35170560221904,8.314331869976401,0.6793182190215216,28.066857527064105,17.902273537658825,53.4918727773518,11.915085737935593,33.68774576726344
2023,India,Bangalore,42.315672078817705,61.42581366849341,26.176249092950314,7.58300175545351,0.714078849399129,34.00135769190775,16.16447129429809,56.06055042551893,12.535522266056804,47.432979384275626
2023,India,Delhi,60.61985503116309,86.83228065331559,23.853805992286656,8.40579061941366,0.6204923314046851,27.39232162440553,17.416072412414156,60.52662776979765,11.666697172283163,62.32867306263649
2023,India,Mumbai,32.60434099895151,46.13086496899441,26.906007400155563,6.817312210638852,0.6917626167658618,29.90267459150712,18.40206905919523,59.64023781190713,12.432698487371523,38.397004500843956
2023,Italy,Milan,43.92458853275076,58.348797523112324,23.610315787686215,8.576402925392607,0.6538535569943664,29.197697134604365,15.660042561176558,53.19237059628875,12.796089114156821,46.92407977298521
2023,Italy,Rome,66.79250865339692,96.38714464474992,25.92890072200601,8.095698220308014,0.8016119380410807,29.693072839555043,15.891018201877328,66.12198265366024,10.710974170282684,69.96194357359956
2023,Italy,Turin,80.84709851280998,120.21604558454594,26.848208347399563,8.542733866851416,0.7974221841794886,31.091874787847885,18.307372877520162,60.90065908731205,12.41943977190592,83.21051090113002
2023,Japan,Osaka,27.498529595296887,40.837916525527795,25.555188839927876,6.904344939469531,0.6665043460293135,24.518777554246185,17.18331598605781,53.7856631403923,10.851589305838479,33.88726340656961
2023,Japan,Tokyo,94.30640965827847,127.37929532999117,23.08952946872679,7.848857280922726,0.7022407993535711,31.03738791534225,18.468296336821115,59.00777720631095,10.933048249097183,91.3910658013737
2023,Kenya,Nairobi,29.602872879600085,39.693324001131934,23.612011620320704,8.0176729074307,0.65003770651001,34.646857247931834,12.678845784695712,56.45360053070349,13.337291714190714,34.56196675511861
2023,Mexico,Mexico City,118.17767343978893,161.2980185643735,25.62275513004771,9.345752544260955,0.6560875182244388,31.96321239023341,16.27709317503528,56.10497692289673,13.586301246427018,112.28935847199722
2023,Nigeria,Lagos,46.563926496232106,63.72287184584274,22.576221249142446,8.18989913887762,0.6881877893004827,30.584006993322415,15.038856479560101,59.1484394390975,10.690172946309,49.82243028482688
2023,Norway,Oslo,49.23550025142885,74.93356669666103,26.292905083811423,7.300390304460676,0.733408548412961,27.81137889542565,15.110952627092644,57.82399119171014,12.79393850503113,54.49138948270027
2023,Poland,Warsaw,65.60739752451335,90.34847557636526,25.18576889209697,9.433933966299913,0.6447238249047,29.095949219831752,14.441403800503116,55.65683999046868,10.853669844491584,66.39994876823776
2023,Russia,Moscow,49.34580123129817,68.84535939384013,18.78954576867225,6.896298482971681,0.677948201788766,32.77315428046287,13.134563003566685,65.68278017229555,11.835807828212111,52.03498921230181
2023,South Africa,Cape Town,105.38304051838686,147.77402949440625,27.862572439373327,7.078821952698321,0.748662153155725,31.321669168943444,13.858718831065849,51.96914868472274,13.278700987732387,103.05750898540795
2023,South Africa,Johannesburg,81.3237514174539,114.95841805681863,26.897931499804997,7.2980110910596565,0.6825032872252287,28.209576313070965,16.878332867313834,57.04665022152762,12.691625029754498,81.30076048406886
2023,South Korea,Busan,91.55464587617858,126.30734371041069,21.132339397446152,7.224911478478418,0.6902701435778161,31.747462554980615,12.834154524208751,53.23744280854613,13.025383582953609,89.21019164331206
2023,South Korea,Seoul,103.64729140834753,141.99424829242005,27.21704047045645,8.912449968792595,0.732792166939528,28.810369455308095,17.71426122148159,57.06346833004985,13.900452087229416,100.63685021993344
2023,Spain,Barcelona,89.49284782273209,123.44643170707741,24.10820058647776,7.666872034066597,0.7141169661978805,34.93071336101939,10.431010549214578,60.69350229200606,12.714774279114826,87.93698475568131
2023,Spain,Madrid,47.25339385080636,67.4522516275231,18.187604661416092,9.584315436450414,0.7002337465633798,31.882107490095805,14.706942523517831,68.11147218434245,12.762826076432818,50.66358456776385
2023,Sweden,Stockholm,32.17087402277361,45.10801447563347,23.94662927223311,8.27463106417151,0.6767603211639797,32.66993253432248,14.730728821398541,59.132353461711084,11.684247071361922,37.48639344765397
2023,Turkey,Istanbul,30.113475796521797,42.43217396766787,24.065901791202847,7.723322234997227,0.6158755108752455,31.977499455851973,15.71462601013638,62.41422966592763,11.961792074183082,35.11986555931939
2023,UAE,Dubai,52.58726111902962,71.70840422383792,25.52153596921232,7.187350348363814,0.6895182890210051,33.64123379771517,15.558520736558664,56.860637320538615,12.074461757835934,55.34137400331664
2023,UK,Birmingham,30.729234753106482,39.35066927230685,28.794208830567687,8.869439684189624,0.7727153860719689,25.85013467427106,15.132959394509934,66.27366657947464,11.681714762477009,36.914249450101714
2023,UK,London,90.58655419583488,131.89640363762362,25.300372256429664,8.241770376735012,0.611840429081213,29.02890052356661,17.164905316103667,63.67746265319655,11.21939158163921,89.37965476148075
2023,UK,Manchester,108.09344860139124,152.46495007983137,25.34043827731372,7.708140508771353,0.7561239676535211,30.62331875035703,12.668388054654713,52.716927118752416,9.555303753236656,105.44434268106761
2023,USA,Chicago,52.51236368224107,76.4494734187645,24.862391100872873,6.929699163411929,0.8209636706807605,29.718227681703922,16.06092007317852,65.87248557907122,12.080288922622024,57.49318870999244
2023,USA,Houston,50.392148482285876,72.64797629309551,22.482204812876947,8.354082675735706,0.6347402753350203,29.00285123629394,15.035825860077274,56.26961526387296,12.682693197622607,53.36050758262852
2023,USA,Los Angeles,92.36335864722271,121.65945755827316,24.256825118971317,8.10856487414411,0.6618123244010949,27.8444535994893,14.543693654540123,57.30242350733133,10.698736255466756,88.79371245589634
2023,USA,New York,23.07135081799339,30.134465656733127,24.114841593997124,8.238370706107872,0.7132252826334892,28.91078534242763,18.781095307962232,64.97811045340656,11.45236462501286,29.413440607877266
2023,USA,Phoenix,94.94113382720188,134.73614033511683,24.60639650325226,7.075486081359241,0.7776860488665204,27.34129445021652,15.104482336005995,51.17176282717629,13.117011734405546,94.14940850233491
2024,Argentina,Buenos Aires,108.93076280340125,149.47857095303584,25.677925607452938,8.687898914148795,0.7448168805384442,27.682852291360735,10.01879493887713,66.89032161280575,12.02503754831745,105.27013323877766
2024,Australia,Melbourne,80.91995981948811,111.04525285219013,23.539381082864114,5.467443854723385,0.6381715808890314,25.99229367594586,13.973162753077043,62.79126222852437,11.731969456582894,79.49668037930762
2024,Australia,Sydney,105.59580141662644,140.0371016241926,22.3363088149669,9.344487825580567,0.7248517220604223,30.71342489604181,15.739763358513299,53.26480104566915,13.025217754219051,100.8470492769153
2024,Brazil,Rio de Janeiro,80.16301118274112,110.04166805095936,32.25438271019297,8.832905792306676,0.6347249175369989,29.82280685323974,12.047984452128501,57.726572886943245,12.732322510235122,79.67882776622582
2024,Brazil,Sao Paulo,62.67463190066121,90.1682875857061,25.35618926382445,6.914791776885174,0.685772212870161,27.790358047834037,15.214645989377365,59.54903421535165,12.403314132516144,65.031777712622
2024,Canada,Montreal,79.09114533282191,114.3847098519111,24.820516225793057,7.062861582968512,0.6387638888990678,26.57496022641053,17.557745039137245,60.772246725760745,11.144807525706952,79.20131968164534
2024,Canada,Toronto,100.15531064188416,135.59061903890478,29.22972492910846,8.322639379638249,0.7186867323188707,26.93571740459274,13.391814238922217,58.940210994820355,12.929436775897722,97.32115000901099
2024,Canada,Vancouver,96.84795622813691,139.426637696041,27.579244882376827,8.015187988107387,0.6471071987386207,28.27825091083074,13.804701216691656,62.9168335600354,11.933763402981398,95.22309775171423
2024,Chile,Santiago,86.2839726740021,129.16627842496834,22.974275340064057,7.248463730456503,0.7702284660183296,33.66613561801458,16.153711073795872,60.05059676772643,14.105403727980502,87.60335148358462
2024,China,Beijing,50.083113324847524,69.46927163667888,24.254858555583386,7.453472400874435,0.7879410729293103,33.17905607220527,17.153946096609758,54.64118219328996,12.17082875032859,54.24861890709573
2024,China,Shanghai,45.37047710342272,66.68753870495341,24.18564187760585,7.913996461967962,0.6614477542559899,26.04788408550756,14.90535486280585,52.85986071486814,10.187770220445229,49.5928357333648
2024,China,Shenzhen,117.83919850727945,164.29235805918347,22.980827767294148,7.380420872124799,0.6753067689948935,29.12344568440361,14.47158494233206,62.70489695429331,11.724151644597134,112.61314118288271
2024,Egypt,Cairo,90.58550822558017,122.48456568908307,22.13160642947675,7.710346612262316,0.6724950060431508,33.433148883461065,17.298120342895412,57.29023597178084,10.691209667880786,87.7863287765439
2024,Finland,Helsinki,88.01486537503325,123.98984118817293,27.382683182630288,6.209550779984092,0.6686663423235032,25.143547118062752,13.977110509014961,61.18434382270883,11.492771835789334,87.0318192041526
2024,France,Lyon,25.10764024615472,34.4894845278292,24.785614468680034,8.428480219489234,0.7056148847761383,30.37612017884997,14.423993981819217,58.2382991190747,12.268664060857262,31.49719134788806
2024,France,Paris,73.59830890111087,97.41954475329392,24.657985436272654,8.827537169698413,0.7297974802350642,29.28722762879725,14.937165158329499,56.88170158197213,12.694703856078368,73.40666763730322
2024,Germany,Berlin,47.553040839544344,65.47443630030871,25.294358356840863,8.674483562597212,0.5915902533295924,28.090175344561832,15.551889181089413,58.710774617132614,13.561548007858407,50.07205013276837
2024,Germany,Hamburg,69.62671391310701,99.48561755657725,22.48966891671624,9.162593726034903,0.6176127340890842,32.113266821953765,13.956752896303163,62.12849568014936,10.521273558283697,70.09824609174213
2024,Germany,Munich,25.405886314208644,35.51626370727614,23.481731636478333,7.960736933397136,0.7223081799450979,28.04276361667641,13.175813609469351,62.30817766864899,12.648117101249726,31.918039493079224
2024,India,Bangalore,31.97237262710969,43.31003959994056,25.222594382987737,8.28022479327049,0.7754665979976876,30.455865511853556,17.704700896370337,58.81831795565599,11.91525605121304,38.12235691452957
2024,India,Delhi,58.715938012043715,83.72131813138928,28.242585931780393,7.412267107247334,0.6425006129938716,30.988545550190125,15.695300337780417,66.7315034587352,9.286337319481166,61.223091156620846
2024,India,Mumbai,34.336022502052536,45.96745250151097,24.8864789792721,7.197078329153278,0.706496711048063,31.982277726226943,13.34618792036779,61.100844132296494,13.347329552708553,39.348719009941554
2024,Italy,Milan,50.86291894310141,71.28701394175081,21.447880605502657,7.6352460845923,0.6059138246839154,28.131527074026778,13.136609401789343,58.63795538706382,11.063458699382617,52.97908046160043
2024,Italy,Rome,82.26755394368908,117.91196850089209,23.94675678810228,8.730170499160302,0.7063144359640953,28.064681084197392,16.626498992545887,57.74420628722209,12.475171049961796,82.40074610484305
2024,Italy,Turin,81.14395157494188,118.97932093399925,25.80485516041738,7.379804869623912,0.7015742826071917,27.505742604839725,15.485406023382383,64.30396619945773,12.584721528668602,82.07846347387864
2024,Japan,Osaka,24.709459773886778,33.9051137812335,23.789244206001374,8.785899184562902,0.6773822380437099,28.75546298882438,14.167995660974407,60.011108166605005,13.347267782460486,30.759445421616007
2024,Japan,Tokyo,101.26370886318165,140.71042665254032,23.11857087220275,8.34771879375574,0.5920473188334919,30.055412247812015,15.237598128413998,58.49668273507516,10.090155682287817,97.13264092397225
2024,Kenya,Nairobi,39.02376378437035,53.440659832073585,25.468078547483575,7.8786056801029565,0.8017186468011844,29.152738313679553,12.008440068026673,67.40429419557462,11.612285780686923,44.66638455979713
2024,Mexico,Mexico City,123.8199101243156,166.88942347139408,23.48736291585332,8.374977210836287,0.648880882877045,27.510601999238244,17.78987439909459,60.72656635914982,11.282327140472496,116.50737588922397
2024,Nigeria,Lagos,42.0160137958734,54.90584780740417,23.868401626092673,7.250790322311031,0.7040090779525775,28.835452216893074,15.832470429447957,60.775100040718286,12.49125022066545,45.617708781139925
2024,Norway,Oslo,56.67490400495971,77.81563767494356,24.080519704077762,8.30182917794187,0.7227110551836633,29.71599303282841,15.258585575613479,60.62265917512588,13.571090015711702,59.203232460208945
2024,Poland,Warsaw,64.91501612960934,93.65456462326755,22.44010679790556,7.637212084780298,0.5894740727629623,30.472844767640638,12.694045415384197,67.99818123295431,11.346425922089411,65.8186740098393
2024,Russia,Moscow,42.57407610352795,61.52035395545882,24.625860620761504,7.111472506420604,0.6881252785372607,29.53278775911153,14.091679285299984,60.25943629287669,11.487478368706874,47.19235530065729
2024,South Africa,Cape Town,103.91988521126513,144.2646713706255,17.855939519249386,6.378541930562662,0.8077661313647394,32.02218057658936,17.030004617445876,60.60714873972912,9.898842048268977,101.0681206664565
2024,South Africa,Johannesburg,85.10207092030502,116.45625588673732,24.665589567323693,8.521335864115045,0.6016031083102483,29.785453278749973,16.212422955516203,55.84251202628064,12.040251443719436,82.83508376936534
2024,South Korea,Busan,97.10069599657406,138.32049503411346,27.544226015253273,7.4004090900743345,0.6254157084852364,34.737933999351604,13.587766355183808,57.719328171354526,14.265364035935955,94.93309629114482
2024,South Korea,Seoul,103.02497382242187,150.62801995531612,24.750072492378123,9.567018969097646,0.6814151200601509,36.561175561824506,17.881873083906445,63.81901255375531,11.334607289310592,101.22974673435566
2024,Spain,Barcelona,86.83258403978392,119.32513528340775,26.357939171639696,8.32498523621127,0.6728628383572359,26.076786098003236,12.476139682814178,60.65943931501607,12.323532153079732,85.32899978128823
2024,Spain,Madrid,47.89784835519723,64.57959771999283,26.421779799638532,8.816716864755774,0.6664237292972633,30.07063903279021,13.944156614710081,59.42730053685485,13.094250312376731,50.96104383005339
2024,Sweden,Stockholm,35.04454217337711,51.615421528571915,23.90631782862469,9.680897154849879,0.6882372205093666,26.282222650165036,17.46216365465055,63.988286973751535,10.863691669487686,40.62281359769678
2024,Turkey,Istanbul,31.895208793587326,45.22501364323248,23.85128073761425,7.037273912169678,0.6947669932055338,29.898370682172686,15.303353068701353,63.76404036061793,11.334430115075987,37.51492601061566
2024,UAE,Dubai,60.68107622805149,91.47759397841232,26.631995002043254,7.323705860809317,0.7708589348194771,31.85759435470618,12.498003454790677,57.066907514736414,14.88685152163315,65.07595338091245
2024,UK,Birmingham,34.05068330829219,45.06233901903502,22.739586875706607,9.4001451393859,0.7800129612899048,34.820516495833374,15.510117340654253,57.2505527042355,11.324611747759404,39.51696608925203
2024,UK,London,91.38411337984137,123.85880314226351,24.427401874797855,8.043091034183185,0.7634453877563314,22.89846913131799,14.03988888335357,54.116818814443214,11.899130711392878,89.67942272140061
2024,UK,Manchester,111.51204331116746,165.16534473840088,23.879681093584633,7.276331954177132,0.7041839109917437,35.05899313522061,10.540594548561614,61.06392713735837,12.878343639416153,109.37010215365655
2024,USA,Chicago,51.20726254665693,69.18312690235126,25.579377162362075,7.548043992403312,0.6589287255357771,29.783759398517162,15.776646626555895,68.09138985563864,13.534426959573445,53.70820788005839
2024,USA,Houston,42.89702358101075,56.87381221546602,23.227156087618585,9.242595533925979,0.7490643292330482,29.16564362863654,18.4327707352273,65.29635430827153,11.019380807571897,46.92633549279199
2024,USA,Los Angeles,82.5201259915594,115.19752128463523,27.70500957855329,7.515742466930334,0.6494126396078835,27.387624338773268,18.317279045558546,66.18160018335313,11.977816664747039,81.81620720579684
2024,USA,New York,23.546402065998905,35.32334550614588,26.86258799362476,9.20121017931825,0.6319445886172265,29.5073960582333,13.952860291126603,64.01403562255766,11.693754718895699,30.198215026363258
2024,USA,Phoenix,95.0818056816505,128.64457009579579,25.352126945361263,7.283505310720677,0.7454957203243069,26.606966993861054,16.008260053093096,52.33943297393528,11.776273128143172,92.76816732592864
